{
	"nameShort": "Code - Insiders",
	"nameLong": "Visual Studio Code - Insiders",
	"applicationName": "code-insiders",
	"dataFolderName": ".vscode-insiders",
	"win32MutexName": "vscodeinsiders",
	"licenseUrl": "https://go.microsoft.com/fwlink/?LinkID=761088",
	"win32DirName": "Microsoft VS Code Insiders",
	"win32NameVersion": "Microsoft Visual Studio Code Insiders",
	"win32RegValueName": "VSCodeInsiders",
	"win32AppId": "{{C26E74D1-022E-4238-8B9D-1E7564A36CC9}",
	"win32AppUserModelId": "Microsoft.VisualStudioCodeInsiders",
	"darwinBundleIdentifier": "com.microsoft.VSCodeInsiders",
	"reportIssueUrl": "https://go.microsoft.com/fwlink/?LinkId=534872",
	"urlProtocol": "vscode-insiders",
	"win32SetupExeBasename": "VSCodeInsidersSetup",
	"darwinCredits": "resources/darwin/Credits.rtf",
	"downloadUrl": "https://code.visualstudio.com/insiders",
	"welcomePage": "https://go.microsoft.com/fwlink/?LinkId=723048",
	"updateUrl": "https://vscode-update.azurewebsites.net",
	"quality": "insider",
	"extensionsGallery": {
		"serviceUrl": "https://marketplace.visualstudio.com/_apis/public/gallery",
		"cacheUrl": "https://vscode.blob.core.windows.net/gallery/index",
		"itemUrl": "https://marketplace.visualstudio.com/items"
	},
	"extensionTips": {
		"ms-vscode.csharp": "{**/*.cs,**/project.json,**/global.json,**/*.csproj,**/*.sln}",
		"ms-vscode.mono-debug": "{**/*.cs,**/*.csproj,**/*.sln}",
		"msjsdiag.debugger-for-chrome": "{**/*.ts,**/*.tsx**/*.js,**/*.jsx,**/*.es6}",
		"lukehoban.Go": "**/*.go",
		"ms-vscode.PowerShell": "{**/*.ps,**/*.ps1}",
		"austin.code-gnu-global": "{**/*.c,**/*.cpp,**/*.h}",
		"Ionide.Ionide-fsharp": "{**/*.fsx,**/*.fsi,**/*.fs,**/*.ml,**/*.mli}",
		"dbaeumer.vscode-eslint": "{**/*.js,**/*.jsx,**/*.es6}",
		"eg2.tslint": "{**/*.ts,**/*.tsx}",
		"Kasik96.format-indent": "{**/*.php}",
		"felixfbecker.php-debug": "{**/*.php}",
		"linyang95.phpmd": "{**/*.php}",
		"ikappas.phpcs": "{**/*.php}",
		"tht13.python": "{**/*.py}",
		"donjayamanne.python": "{**/*.py}",
		"magicstack.MagicPython": "{**/*.py}",
		"saviorisdead.RustyCode": "{**/*.rs,**/*.rslib}",
		"hars.CppSnippets": "{**/*.cpp,**/*.cc,**/*.h}",
		"mitaki28.vscode-clang": "{**/*.cpp,**/*.cc,**/*.h}",
		"ms-vscode.cpptools": "{**/*.c,**/*.cpp,**/*.cc,**/.cxx,**/*.hh,**/*.hpp,**/*.hxx,**/*.h}",
		"seanmcbreen.Spell": "{**/*.md}",
		"ms-vscode.Theme-MarkdownKit": "{**/*.md}",
		"DavidAnson.vscode-markdownlint": "{**/*.md}",
		"PeterJausovec.vscode-docker": "{**/dockerfile,**/Dockerfile,**/docker-compose.yml,**/docker-compose.*.yml}"
	},
	"extensionImportantTips": {
		"ms-vscode.csharp": "**/*.cs",
		"lukehoban.Go": "**/*.go",
		"donjayamanne.python": "{**/*.py}",
		"ms-vscode.PowerShell": "{**/*.ps,**/*.ps1}",
		"ms-vscode.cpptools": "{**/*.c,**/*.cpp,**/*.cc,**/.cxx,**/*.hh,**/*.hpp,**/*.hxx,**/*.h}"
	},
	"crashReporter": {
		"productName": "VSCode",
		"companyName": "Microsoft",
		"submitURL": "https://ticinocrashreporter.azurewebsites.net/crash",
		"extra": {
			"vscode_sessionId": "$(sessionId)",
			"vscode_version": "$(version)",
			"vscode_commit": "$(commit)"
		}
	},
	"enableTelemetry": true,
	"aiConfig": {
		"key": "8aa6e059-82b6-46f6-8138-5a43aa3dd621",
		"asimovKey": "AIF-444c3af9-8e69-4462-ab49-4191e6ad1916"
	},
	"sendASmile": {
		"reportIssueUrl": "https://go.microsoft.com/fwlink/?LinkId=534872",
		"requestFeatureUrl": "https://go.microsoft.com/fwlink/?LinkID=533482"
	},
	"documentationUrl": "https://go.microsoft.com/fwlink/?LinkID=533484#vscode",
	"releaseNotesUrl": "https://go.microsoft.com/fwlink/?LinkId=724002",
	"twitterUrl": "https://go.microsoft.com/fwlink/?LinkID=533687",
	"requestFeatureUrl": "https://go.microsoft.com/fwlink/?LinkID=533482",
	"privacyStatementUrl": "https://go.microsoft.com/fwlink/?LinkId=786907",
	"npsSurveyUrl": "https://www.research.net/r/Z2RMYRJ",
	"checksumFailMoreInfoUrl": "https://go.microsoft.com/fwlink/?LinkId=828886",
	"commit": "602155bb781f509c7a4ddcd700b57cb9b9f5286d",
	"date": "2016-10-01T00:36:55.469Z",
	"checksums": {
		"vs/workbench/workbench.main.js": "oTUuOf7/aFK0fmsNmse4jQ",
		"vs/workbench/workbench.main.css": "ywkHBrmWCZ3FbSrVJqjTzw",
		"vs/workbench/electron-browser/bootstrap/index.html": "A7FcwiFQwy0ydQR6MrrRrQ",
		"vs/workbench/electron-browser/bootstrap/index.js": "V+2ZxfEYhdsfDoQ6r33oWw"
	}
}