{
	"typescript.reloadProjects.title": "TypeScript 프로젝트 다시 로드",
	"javascript.reloadProjects.title": "JavaScript 프로젝트 다시 로드",
	"configuration.typescript": "TypeScript",
	"typescript.useCodeSnippetsOnMethodSuggest.dec": "매개 변수 서명으로 함수를 완료하세요.",
	"typescript.tsdk.desc": "사용할 tsserver 및 lib*.d.ts 파일이 들어 있는 폴더 경로를 지정합니다.",
	"typescript.tsdk_version.desc": "tsserver의 버전을 지정합니다. tsserver가 npm을 사용하여 설치되지 않은 경우에만 필요합니다.",
	"typescript.check.workspaceVersion": "Check if a TypeScript version is available in the workspace",
	"typescript.check.tscVersion": "Check if a global install TypeScript compiler (e.g. tsc) differs from the used TypeScript language service.",
	"typescript.tsserver.trace": "TS 서버에 보내는 메시지를 추적하도록 설정합니다.",
	"typescript.tsserver.experimentalAutoBuild": "실험적 자동 빌드를 사용하도록 설정합니다. 1.9 dev 또는 2.x tsserver 버전이 필요하며 변경 후에는 VS Code를 다시 시작해야 합니다.",
	"typescript.validate.enable": "TypeScript 유효성 검사 사용/사용 안 함",
	"format.insertSpaceAfterCommaDelimiter": "쉼표 구분 기호 뒤에 오는 공백 처리를 정의합니다.",
	"format.insertSpaceAfterSemicolonInForStatements": " for 문에서 세미콜론 뒤에 오는 공백 처리를 정의합니다.",
	"format.insertSpaceBeforeAndAfterBinaryOperators": "이항 연산자 뒤에 오는 공백 처리를 정의합니다.",
	"format.insertSpaceAfterKeywordsInControlFlowStatements": "제어 흐름 문의 키워드 뒤에 오는 공백 처리를 정의합니다.",
	"format.insertSpaceAfterFunctionKeywordForAnonymousFunctions": "익명 함수의 function 키워드 뒤에 오는 공백 처리를 정의합니다.",
	"format.insertSpaceAfterOpeningAndBeforeClosingNonemptyParenthesis": "비어 있지 않은 여는 괄호 뒤와 닫는 괄호 앞에 오는 공백 처리를 정의합니다.",
	"format.insertSpaceAfterOpeningAndBeforeClosingNonemptyBrackets": "비어 있지 않은 여는 대괄호 뒤와 닫는 대괄호 앞에 오는 공백 처리를 정의합니다.",
	"format.placeOpenBraceOnNewLineForFunctions": "함수의 새 줄에 여는 중괄호를 넣을지 정의합니다.",
	"format.placeOpenBraceOnNewLineForControlBlocks": "제어 블록의 새 줄에 여는 중괄호를 넣을지 정의합니다.",
	"javascript.validate.enable": "JavaScript 유효성 검사 사용/사용 안 함"
}